ID,성공확률
TEST_0000,0.554769804238646
TEST_0001,0.5233469698522157
TEST_0002,0.5418896720138509
TEST_0003,0.5408529634393432
TEST_0004,0.5443904472442416
TEST_0005,0.5377088073594074
TEST_0006,0.5262263323774021
TEST_0007,0.5342850929631883
TEST_0008,0.5335564716403557
TEST_0009,0.5506357858754756
TEST_0010,0.5547108075013468
TEST_0011,0.538693575623455
TEST_0012,0.5531255356171416
TEST_0013,0.5434768114217781
TEST_0014,0.5241258971405188
TEST_0015,0.5393514087411186
TEST_0016,0.5282307593457445
TEST_0017,0.5612312736030922
TEST_0018,0.552420072495892
TEST_0019,0.5657411227164847
TEST_0020,0.536974223701705
TEST_0021,0.5302084133674905
TEST_0022,0.5229097915067501
TEST_0023,0.5356022784963248
TEST_0024,0.5338459825168884
TEST_0025,0.525020130297166
TEST_0026,0.5123321558902252
TEST_0027,0.5071064844386007
TEST_0028,0.5509521844953141
TEST_0029,0.5161309549201224
TEST_0030,0.5418465273306902
TEST_0031,0.5725110873049599
TEST_0032,0.5341034536292755
TEST_0033,0.5355241214394164
TEST_0034,0.5189248138381403
TEST_0035,0.5122730098584097
TEST_0036,0.5432878737823829
TEST_0037,0.5569526950633316
TEST_0038,0.5325162149488316
TEST_0039,0.5472734596675023
TEST_0040,0.5246425499789196
TEST_0041,0.5230352907644286
TEST_0042,0.5244538522638241
TEST_0043,0.5406442341661858
TEST_0044,0.5175257574814565
TEST_0045,0.5493199019910212
TEST_0046,0.5170659453304992
TEST_0047,0.5225626589469481
TEST_0048,0.5369945067043882
TEST_0049,0.5608057119588429
TEST_0050,0.5359620013388677
TEST_0051,0.5198071017405891
TEST_0052,0.5392171019128504
TEST_0053,0.5080812398391911
TEST_0054,0.5138038974036176
TEST_0055,0.549809060433308
TEST_0056,0.5463920586941148
TEST_0057,0.5406677143237116
TEST_0058,0.5502060600705839
TEST_0059,0.5119779281841443
TEST_0060,0.512186468498547
TEST_0061,0.5392509722736253
TEST_0062,0.5289614860299284
TEST_0063,0.5219998472283218
TEST_0064,0.5481006764178282
TEST_0065,0.5565158417057134
TEST_0066,0.5248410590570171
TEST_0067,0.5097333065002305
TEST_0068,0.5514311147772623
TEST_0069,0.5565912954003615
TEST_0070,0.5120179938352967
TEST_0071,0.5386283453595548
TEST_0072,0.5318245222068523
TEST_0073,0.5501691876404627
TEST_0074,0.5265176905153353
TEST_0075,0.5633121690125075
TEST_0076,0.5465913894724034
TEST_0077,0.545583298050108
TEST_0078,0.523183309906991
TEST_0079,0.5322253613499272
TEST_0080,0.5459001380828921
TEST_0081,0.5370297841479739
TEST_0082,0.538407528008577
TEST_0083,0.5228337323214788
TEST_0084,0.5443427650168542
TEST_0085,0.5351960560977098
TEST_0086,0.5344177767048276
TEST_0087,0.5462555013070105
TEST_0088,0.5426692442847829
TEST_0089,0.5417549159007631
TEST_0090,0.5194151590323266
TEST_0091,0.5275191643729655
TEST_0092,0.5300457930064397
TEST_0093,0.5216976291639996
TEST_0094,0.5526066485655902
TEST_0095,0.541161576239726
TEST_0096,0.538032372547784
TEST_0097,0.5287415482492526
TEST_0098,0.5271948166498943
TEST_0099,0.5704247872313813
TEST_0100,0.5435790643119837
TEST_0101,0.5558758107400565
TEST_0102,0.5410833129807735
TEST_0103,0.5600486949073405
TEST_0104,0.5476920830929153
TEST_0105,0.566210517557143
TEST_0106,0.5415339292239679
TEST_0107,0.5128231114882118
TEST_0108,0.537499557327604
TEST_0109,0.5488579883848289
TEST_0110,0.5213604981050926
TEST_0111,0.5428904396174261
TEST_0112,0.5388549600831068
TEST_0113,0.5465338514129704
TEST_0114,0.5345440768549685
TEST_0115,0.5555658060307922
TEST_0116,0.5841173820082981
TEST_0117,0.5465748128623571
TEST_0118,0.544183452051817
TEST_0119,0.5377710101987574
TEST_0120,0.5132099754556124
TEST_0121,0.5472018423260538
TEST_0122,0.5410573897797681
TEST_0123,0.5421711041550534
TEST_0124,0.5393867060053176
TEST_0125,0.5274725230730879
TEST_0126,0.5154762654977418
TEST_0127,0.5339069713324298
TEST_0128,0.5462252366098908
TEST_0129,0.55312422720582
TEST_0130,0.5606175874956534
TEST_0131,0.5384577148457055
TEST_0132,0.5391628388355992
TEST_0133,0.5237927217826223
TEST_0134,0.5661226346110233
TEST_0135,0.5666065645860626
TEST_0136,0.5261041588987725
TEST_0137,0.5137393896506856
TEST_0138,0.5353842197536934
TEST_0139,0.5430806689283901
TEST_0140,0.5125643081171026
TEST_0141,0.534927081319413
TEST_0142,0.5445132211469532
TEST_0143,0.5241656972361516
TEST_0144,0.4950370236017041
TEST_0145,0.5263113884386239
TEST_0146,0.49672371898504786
TEST_0147,0.5617034405052994
TEST_0148,0.5635588538762029
TEST_0149,0.5506841818169259
TEST_0150,0.5129214135869015
TEST_0151,0.5507695450697921
TEST_0152,0.5412804735896803
TEST_0153,0.5497235494552755
TEST_0154,0.5039919629207985
TEST_0155,0.529863253945421
TEST_0156,0.4987993615624953
TEST_0157,0.5234994841595879
TEST_0158,0.5215647365622589
TEST_0159,0.5124533754383866
TEST_0160,0.5229092000856785
TEST_0161,0.556597420024606
TEST_0162,0.5051649249298138
TEST_0163,0.5551317228441998
TEST_0164,0.5314610272089929
TEST_0165,0.5332356874691704
TEST_0166,0.5260081716923388
TEST_0167,0.5592535678120972
TEST_0168,0.5337359037170519
TEST_0169,0.5430858429809983
TEST_0170,0.5320796951872077
TEST_0171,0.5445082660927311
TEST_0172,0.5033830666109541
TEST_0173,0.5606994099340631
TEST_0174,0.527207738994223
TEST_0175,0.5273987180329233
TEST_0176,0.529243836483208
TEST_0177,0.5507854252327176
TEST_0178,0.5455058164367919
TEST_0179,0.527050505118795
TEST_0180,0.5334237003434102
TEST_0181,0.52342907492019
TEST_0182,0.5519320159833189
TEST_0183,0.5380740235100441
TEST_0184,0.541368195347355
TEST_0185,0.5179412744448233
TEST_0186,0.5513984653919286
TEST_0187,0.5265846389244965
TEST_0188,0.5480545187969945
TEST_0189,0.5456288646351358
TEST_0190,0.535530360912266
TEST_0191,0.552524716511772
TEST_0192,0.5287916754623373
TEST_0193,0.5039474523063967
TEST_0194,0.5320486853665694
TEST_0195,0.5426954839662205
TEST_0196,0.5732040425054483
TEST_0197,0.5229671990408098
TEST_0198,0.5425128136659695
TEST_0199,0.5285742616996295
TEST_0200,0.5392353679496463
TEST_0201,0.508882668469904
TEST_0202,0.5267070959843246
TEST_0203,0.5355006944774638
TEST_0204,0.5255889380890212
TEST_0205,0.5336694574185946
TEST_0206,0.5646909847030771
TEST_0207,0.5270990881128352
TEST_0208,0.500645869496683
TEST_0209,0.528619937609134
TEST_0210,0.5213014329006437
TEST_0211,0.5594010609458613
TEST_0212,0.5476581355479915
TEST_0213,0.5441158915288867
TEST_0214,0.534796049428997
TEST_0215,0.5224955300884397
TEST_0216,0.5170002642093783
TEST_0217,0.5158382048017733
TEST_0218,0.5149236876338424
TEST_0219,0.5102765323348324
TEST_0220,0.5440811681875877
TEST_0221,0.5496865139155672
TEST_0222,0.5326441242554714
TEST_0223,0.5388695124795742
TEST_0224,0.5096385404217086
TEST_0225,0.5478048240985891
TEST_0226,0.5204430785530018
TEST_0227,0.5640301584505714
TEST_0228,0.5481670796382941
TEST_0229,0.5295261764957373
TEST_0230,0.5623166050564437
TEST_0231,0.5168710035900085
TEST_0232,0.533784783677398
TEST_0233,0.542555491645314
TEST_0234,0.5226212159903281
TEST_0235,0.5388101456190484
TEST_0236,0.5378257178676557
TEST_0237,0.5486323139568976
TEST_0238,0.5303673189875476
TEST_0239,0.50755705441809
TEST_0240,0.5559463775999381
TEST_0241,0.5428786122325934
TEST_0242,0.5205206771278662
TEST_0243,0.5385570449381829
TEST_0244,0.5445271164123492
TEST_0245,0.5463604042789895
TEST_0246,0.5614875939844927
TEST_0247,0.5082714502022657
TEST_0248,0.5278000353914474
TEST_0249,0.5371733596724828
TEST_0250,0.5541906125211952
TEST_0251,0.5428110612199011
TEST_0252,0.5231410444825776
TEST_0253,0.5438650005522926
TEST_0254,0.5208990302854499
TEST_0255,0.5403599101499
TEST_0256,0.5524627298617067
TEST_0257,0.5477929066477203
TEST_0258,0.5374164509545938
TEST_0259,0.5453360361512711
TEST_0260,0.544174049789003
TEST_0261,0.5352893862135102
TEST_0262,0.5677079809604305
TEST_0263,0.5511994222763292
TEST_0264,0.5455106540256045
TEST_0265,0.49951653567647736
TEST_0266,0.5277613133207744
TEST_0267,0.5254591130911245
TEST_0268,0.5429051368075983
TEST_0269,0.49514702275349215
TEST_0270,0.5218462467260897
TEST_0271,0.5142667720352495
TEST_0272,0.5718282102367994
TEST_0273,0.5790788938981941
TEST_0274,0.5430155937561371
TEST_0275,0.5644285188556422
TEST_0276,0.5461634227019141
TEST_0277,0.5209444214255443
TEST_0278,0.5477446572710264
TEST_0279,0.5302728826062303
TEST_0280,0.5373051694756599
TEST_0281,0.5221709842956259
TEST_0282,0.5391290836289268
TEST_0283,0.5346430752618199
TEST_0284,0.5332176358072177
TEST_0285,0.5571810722102288
TEST_0286,0.5102514788847892
TEST_0287,0.5319171249275324
TEST_0288,0.5311050792746765
TEST_0289,0.5511372356977908
TEST_0290,0.5795243341349761
TEST_0291,0.5097123615243252
TEST_0292,0.5603437504778319
TEST_0293,0.5244191824332028
TEST_0294,0.5364530856779878
TEST_0295,0.537637431160518
TEST_0296,0.4969618515106755
TEST_0297,0.5364301006183843
TEST_0298,0.5179998148525955
TEST_0299,0.5331177446522436
TEST_0300,0.510064293395388
TEST_0301,0.5588791323823595
TEST_0302,0.5349252338846211
TEST_0303,0.5391252355293659
TEST_0304,0.5726034162244592
TEST_0305,0.5608289198551378
TEST_0306,0.5349600806590173
TEST_0307,0.5654098156220793
TEST_0308,0.5328554981704839
TEST_0309,0.5218947454155306
TEST_0310,0.5532783611286368
TEST_0311,0.5341354998676581
TEST_0312,0.5378687972606072
TEST_0313,0.4952097533061397
TEST_0314,0.5542349969632793
TEST_0315,0.5470115950306558
TEST_0316,0.5305734979623568
TEST_0317,0.5460076224955641
TEST_0318,0.5679041826440185
TEST_0319,0.5491757983619197
TEST_0320,0.5557461309677502
TEST_0321,0.5699989275515323
TEST_0322,0.5347635799370734
TEST_0323,0.5544209013836758
TEST_0324,0.5112652496448127
TEST_0325,0.5447301877975114
TEST_0326,0.5254570999449012
TEST_0327,0.5624887294796778
TEST_0328,0.5160402784216869
TEST_0329,0.5260153623619528
TEST_0330,0.5347732944883969
TEST_0331,0.5351003706252052
TEST_0332,0.5450777228307322
TEST_0333,0.54846380025007
TEST_0334,0.5093383434444907
TEST_0335,0.5466689153920908
TEST_0336,0.540878107132629
TEST_0337,0.5362829126285005
TEST_0338,0.5540524003924552
TEST_0339,0.5380114706364556
TEST_0340,0.5364420179692668
TEST_0341,0.5414641829930612
TEST_0342,0.5364689330414472
TEST_0343,0.5412267864637116
TEST_0344,0.553909230735165
TEST_0345,0.5529674428593203
TEST_0346,0.5185743922970406
TEST_0347,0.5164283248586715
TEST_0348,0.5501003247897094
TEST_0349,0.5294664446345526
TEST_0350,0.5114481507237636
TEST_0351,0.5435401493243525
TEST_0352,0.5573889816850761
TEST_0353,0.5448850105554838
TEST_0354,0.5421052204943319
TEST_0355,0.5383403036490402
TEST_0356,0.5496420041370704
TEST_0357,0.5188223598180619
TEST_0358,0.5291608165554442
TEST_0359,0.5148979753155386
TEST_0360,0.5237071709628607
TEST_0361,0.5209125247360974
TEST_0362,0.5109582554994625
TEST_0363,0.5465802480081665
TEST_0364,0.5448278559964091
TEST_0365,0.5396043811525992
TEST_0366,0.5174278271848073
TEST_0367,0.5315863523651564
TEST_0368,0.5445388191614755
TEST_0369,0.525064664552846
TEST_0370,0.5326386290175859
TEST_0371,0.5360115412962374
TEST_0372,0.5490004034560577
TEST_0373,0.5226981703672761
TEST_0374,0.5635347744440858
TEST_0375,0.5211652778079975
TEST_0376,0.5378414785528085
TEST_0377,0.5532909973254025
TEST_0378,0.5355979755992578
TEST_0379,0.5276469919524404
TEST_0380,0.5399845277622694
TEST_0381,0.5050847804668026
TEST_0382,0.5396852005634516
TEST_0383,0.5270421114841651
TEST_0384,0.5293921010793012
TEST_0385,0.5378230093069043
TEST_0386,0.5553923099558769
TEST_0387,0.5214617332600926
TEST_0388,0.5526040502057658
TEST_0389,0.546459000220077
TEST_0390,0.5469072513792127
TEST_0391,0.5580389104012036
TEST_0392,0.544707186552663
TEST_0393,0.5474010490858265
TEST_0394,0.5623336681628166
TEST_0395,0.5438156922541143
TEST_0396,0.5070066700242004
TEST_0397,0.5471224816120379
TEST_0398,0.5235280265304267
TEST_0399,0.5281147664584527
TEST_0400,0.527713296318546
TEST_0401,0.5089432221481064
TEST_0402,0.5302577356432294
TEST_0403,0.5414318784990401
TEST_0404,0.5391102575369562
TEST_0405,0.5273953241727406
TEST_0406,0.51577745322686
TEST_0407,0.533064377191726
TEST_0408,0.518796272007902
TEST_0409,0.5513472343647621
TEST_0410,0.5254385911135588
TEST_0411,0.5470331387987105
TEST_0412,0.5104439751047131
TEST_0413,0.5206171603345066
TEST_0414,0.5461302897412347
TEST_0415,0.5236346596025266
TEST_0416,0.542007671162591
TEST_0417,0.5737517427150763
TEST_0418,0.5541802915699583
TEST_0419,0.5541350697026134
TEST_0420,0.5190739140505793
TEST_0421,0.5481579662425009
TEST_0422,0.5223451990773842
TEST_0423,0.5473595128265956
TEST_0424,0.5592969940218251
TEST_0425,0.5617255347182384
TEST_0426,0.526830538240594
TEST_0427,0.5103529710642716
TEST_0428,0.5344692902658488
TEST_0429,0.534175109978236
TEST_0430,0.5035449966798854
TEST_0431,0.5277818596802156
TEST_0432,0.5516964942947286
TEST_0433,0.5300958136881707
TEST_0434,0.5566458151712783
TEST_0435,0.5661518516378374
TEST_0436,0.5500135971848505
TEST_0437,0.5497462396758737
TEST_0438,0.5734905552118189
TEST_0439,0.5317483302846253
TEST_0440,0.5152204115283598
TEST_0441,0.531959532901048
TEST_0442,0.5708356630267811
TEST_0443,0.5225169048602456
TEST_0444,0.5240905891442074
TEST_0445,0.5256569534542959
TEST_0446,0.5032270981835311
TEST_0447,0.5745746341355915
TEST_0448,0.5295524164199159
TEST_0449,0.5134459715095168
TEST_0450,0.5117109246321568
TEST_0451,0.5464667206835866
TEST_0452,0.5428309460746432
TEST_0453,0.5299901230987181
TEST_0454,0.5632176802580591
TEST_0455,0.5334546218724905
TEST_0456,0.5391474741315239
TEST_0457,0.5455876100245093
TEST_0458,0.546769784099228
TEST_0459,0.5330252217263733
TEST_0460,0.5077522055531178
TEST_0461,0.5530248208931503
TEST_0462,0.5503108181997616
TEST_0463,0.5536831687796977
TEST_0464,0.5425281068740263
TEST_0465,0.5257256826492986
TEST_0466,0.5296842359513273
TEST_0467,0.5386756353343425
TEST_0468,0.5239352490631447
TEST_0469,0.5379223695549499
TEST_0470,0.551750485672602
TEST_0471,0.5496478873698697
TEST_0472,0.549016740168454
TEST_0473,0.5349306680631838
TEST_0474,0.5388046522902608
TEST_0475,0.523156224828189
TEST_0476,0.5568315720582289
TEST_0477,0.5423282252382922
TEST_0478,0.5255623894650117
TEST_0479,0.5464696362128739
TEST_0480,0.5118146503064448
TEST_0481,0.5146998304061747
TEST_0482,0.5507458417869489
TEST_0483,0.5463608011715236
TEST_0484,0.5643379388386497
TEST_0485,0.5518794176357606
TEST_0486,0.5007294004991583
TEST_0487,0.5638571588203851
TEST_0488,0.5565955868767865
TEST_0489,0.5180260314333179
TEST_0490,0.5207172627093334
TEST_0491,0.5403375615826166
TEST_0492,0.5427298807023064
TEST_0493,0.5123954343859926
TEST_0494,0.5254277307121937
TEST_0495,0.5321144336478731
TEST_0496,0.5107980303607879
TEST_0497,0.5481627589887718
TEST_0498,0.5470578801352728
TEST_0499,0.531752219518202
TEST_0500,0.523018333228582
TEST_0501,0.5330208477871925
TEST_0502,0.5486157520090776
TEST_0503,0.5344708899420682
TEST_0504,0.528257284394074
TEST_0505,0.5641613516515801
TEST_0506,0.5641349557261646
TEST_0507,0.5439803768364003
TEST_0508,0.5533098806816648
TEST_0509,0.5427867662823971
TEST_0510,0.5544274088209193
TEST_0511,0.5463418272322644
TEST_0512,0.5534731559179824
TEST_0513,0.5338925583115245
TEST_0514,0.5505965203655308
TEST_0515,0.5273662526103918
TEST_0516,0.5638246102126163
TEST_0517,0.5628416595402733
TEST_0518,0.4870169892884546
TEST_0519,0.4970762244995216
TEST_0520,0.5329517718751865
TEST_0521,0.560812459521804
TEST_0522,0.5192970845340741
TEST_0523,0.5182511569328284
TEST_0524,0.5393806650679014
TEST_0525,0.538608926421375
TEST_0526,0.5317731533156159
TEST_0527,0.524655224599535
TEST_0528,0.5248578452207917
TEST_0529,0.5332957842729661
TEST_0530,0.5070410861724641
TEST_0531,0.5449652612508551
TEST_0532,0.53420964509562
TEST_0533,0.4918430751501749
TEST_0534,0.5302540442462308
TEST_0535,0.5481584595709379
TEST_0536,0.5690659835380761
TEST_0537,0.517062133554673
TEST_0538,0.5247495576570591
TEST_0539,0.5296765010459213
TEST_0540,0.5268849320732363
TEST_0541,0.5434715308196741
TEST_0542,0.5587607202789684
TEST_0543,0.5157341160331211
TEST_0544,0.5088889676513717
TEST_0545,0.5413854848786149
TEST_0546,0.5086708765700954
TEST_0547,0.5231290744912193
TEST_0548,0.5306292996718746
TEST_0549,0.519381195848897
TEST_0550,0.5259368410580073
TEST_0551,0.5409086111512109
TEST_0552,0.5278110345253328
TEST_0553,0.544894553022885
TEST_0554,0.5503593692627149
TEST_0555,0.5577908099739307
TEST_0556,0.5366479555103055
TEST_0557,0.5291321559213888
TEST_0558,0.5418134536145383
TEST_0559,0.5669615752137829
TEST_0560,0.5040247933016229
TEST_0561,0.5458442884938851
TEST_0562,0.5298733158159379
TEST_0563,0.543347377661966
TEST_0564,0.5113005345932572
TEST_0565,0.5302399564411163
TEST_0566,0.5429961024434147
TEST_0567,0.541165648512178
TEST_0568,0.5410843511635127
TEST_0569,0.5529955118297035
TEST_0570,0.545076634613431
TEST_0571,0.5388918718012787
TEST_0572,0.5349431978728348
TEST_0573,0.5223400098473515
TEST_0574,0.5313880475724857
TEST_0575,0.5406037229543176
TEST_0576,0.5009282184448521
TEST_0577,0.5189078513585001
TEST_0578,0.5640319714663666
TEST_0579,0.577575221786629
TEST_0580,0.5278302679247739
TEST_0581,0.5580225253980172
TEST_0582,0.5586713945505508
TEST_0583,0.4883938930522799
TEST_0584,0.5486190332522525
TEST_0585,0.5434045358841662
TEST_0586,0.5559500528447372
TEST_0587,0.5507186047530941
TEST_0588,0.5617447915402238
TEST_0589,0.5243081843173182
TEST_0590,0.5333619123831776
TEST_0591,0.5298184165852475
TEST_0592,0.5340855187442284
TEST_0593,0.5434215529661467
TEST_0594,0.5675306555882204
TEST_0595,0.5491231084290961
TEST_0596,0.5121794474001422
TEST_0597,0.5736962223307939
TEST_0598,0.5238534539205323
TEST_0599,0.5395045127199626
TEST_0600,0.5632446210918596
TEST_0601,0.5569811528595311
TEST_0602,0.543414399221934
TEST_0603,0.5330529904395475
TEST_0604,0.5583566398375353
TEST_0605,0.5346070807310022
TEST_0606,0.5459237835431147
TEST_0607,0.5519719230664636
TEST_0608,0.5241824926630021
TEST_0609,0.5306483527141045
TEST_0610,0.5299314325574568
TEST_0611,0.5740758890450143
TEST_0612,0.5054236189706411
TEST_0613,0.5103232643439757
TEST_0614,0.506925906156599
TEST_0615,0.54987429175049
TEST_0616,0.5148182823617298
TEST_0617,0.5325232152165761
TEST_0618,0.5318785123218568
TEST_0619,0.5404981605614139
TEST_0620,0.5592684151471236
TEST_0621,0.5293482656180104
TEST_0622,0.5577578532781243
TEST_0623,0.5445348594541546
TEST_0624,0.5122303733807004
TEST_0625,0.5521296017257303
TEST_0626,0.5311747217166642
TEST_0627,0.5461307707040279
TEST_0628,0.5580223231102561
TEST_0629,0.520060868860269
TEST_0630,0.5162667267699712
TEST_0631,0.5560026932111616
TEST_0632,0.5494742543289765
TEST_0633,0.5541598071403773
TEST_0634,0.5188888757878001
TEST_0635,0.527160727296103
TEST_0636,0.551139523909703
TEST_0637,0.5266633386713819
TEST_0638,0.5287201702937678
TEST_0639,0.5538622575379571
TEST_0640,0.5135927535158845
TEST_0641,0.5380961083732614
TEST_0642,0.5550812209055697
TEST_0643,0.5392892532079626
TEST_0644,0.55281223282117
TEST_0645,0.5645213182909106
TEST_0646,0.5294124159130598
TEST_0647,0.5307378472741878
TEST_0648,0.533945791398902
TEST_0649,0.5483078597614727
TEST_0650,0.5554346232568699
TEST_0651,0.5337743712221137
TEST_0652,0.5184441739869121
TEST_0653,0.5051903771958495
TEST_0654,0.552441929663867
TEST_0655,0.5465247932212038
TEST_0656,0.5555721706039537
TEST_0657,0.5307854954484339
TEST_0658,0.5553387351586647
TEST_0659,0.527667732359778
TEST_0660,0.557422941821255
TEST_0661,0.488927494492279
TEST_0662,0.5598835275987062
TEST_0663,0.5783165396696662
TEST_0664,0.5545580844944434
TEST_0665,0.4865978385770149
TEST_0666,0.5434209179738725
TEST_0667,0.5518533627082887
TEST_0668,0.539640785884795
TEST_0669,0.5835370818446356
TEST_0670,0.5491086945769675
TEST_0671,0.5415230979242963
TEST_0672,0.539839245016626
TEST_0673,0.5202387847913851
TEST_0674,0.5458978780704609
TEST_0675,0.5283924937290834
TEST_0676,0.5393089438755521
TEST_0677,0.513429163036949
TEST_0678,0.5283544108460047
TEST_0679,0.5449203616469133
TEST_0680,0.5651217211459116
TEST_0681,0.5645552320269192
TEST_0682,0.546439343319304
TEST_0683,0.54222643225934
TEST_0684,0.5114121616557177
TEST_0685,0.4979113744140523
TEST_0686,0.5135970851622385
TEST_0687,0.540161339669656
TEST_0688,0.5472814183381758
TEST_0689,0.5055309206238766
TEST_0690,0.5543274930060711
TEST_0691,0.5326651585983561
TEST_0692,0.5239595249086034
TEST_0693,0.5264096450258405
TEST_0694,0.5514281980904052
TEST_0695,0.5497353482221995
TEST_0696,0.5742232427203897
TEST_0697,0.5270394155410516
TEST_0698,0.5436515442003862
TEST_0699,0.5609917712886419
TEST_0700,0.5232477180037679
TEST_0701,0.5559871047284504
TEST_0702,0.5600769989664867
TEST_0703,0.5586342402467428
TEST_0704,0.5211978655730526
TEST_0705,0.5496036536807719
TEST_0706,0.5463083159475003
TEST_0707,0.5645876783639348
TEST_0708,0.5483406880531507
TEST_0709,0.5392865724633664
TEST_0710,0.5346842403820609
TEST_0711,0.5117997708581289
TEST_0712,0.5643894992910075
TEST_0713,0.4989329722822178
TEST_0714,0.5436272867671883
TEST_0715,0.5244589047118091
TEST_0716,0.5329016319741129
TEST_0717,0.5327072258912445
TEST_0718,0.5253018939479422
TEST_0719,0.549184852958497
TEST_0720,0.533898462532496
TEST_0721,0.5493109288049809
TEST_0722,0.5376512001379173
TEST_0723,0.5528895264801327
TEST_0724,0.5567740754028775
TEST_0725,0.5336835833374677
TEST_0726,0.5313178435724211
TEST_0727,0.5363570031303244
TEST_0728,0.5573472134920613
TEST_0729,0.5499409420994182
TEST_0730,0.5623676365192346
TEST_0731,0.5288561668645654
TEST_0732,0.5534955419687637
TEST_0733,0.5396565645293401
TEST_0734,0.5407746248278554
TEST_0735,0.5366788611274258
TEST_0736,0.5459780250232706
TEST_0737,0.5446185725491984
TEST_0738,0.5469025830470341
TEST_0739,0.5449240798128644
TEST_0740,0.5430517184587992
TEST_0741,0.5219052714384634
TEST_0742,0.5187498933882417
TEST_0743,0.5220719083675138
TEST_0744,0.5353973275531858
TEST_0745,0.5318511348304856
TEST_0746,0.535411585555878
TEST_0747,0.519649683907486
TEST_0748,0.5448842169151032
TEST_0749,0.5165244742946181
TEST_0750,0.5652371224238005
TEST_0751,0.5280707604239157
TEST_0752,0.5405406873908171
TEST_0753,0.5507791300167685
TEST_0754,0.5255484100681714
TEST_0755,0.518953362563555
TEST_0756,0.5637964281718595
TEST_0757,0.5217714710931747
TEST_0758,0.5432451175055686
TEST_0759,0.5355433839839157
TEST_0760,0.5286070147982875
TEST_0761,0.5101685617565789
TEST_0762,0.5232492726495657
TEST_0763,0.5301116731065865
TEST_0764,0.5625753374820791
TEST_0765,0.5633546029443546
TEST_0766,0.52893742905056
TEST_0767,0.547481062651135
TEST_0768,0.5414220030692206
TEST_0769,0.5206004582019744
TEST_0770,0.5378227428113039
TEST_0771,0.5470730783400112
TEST_0772,0.5375589763645059
TEST_0773,0.5220887381702746
TEST_0774,0.5319566816965253
TEST_0775,0.5516683235309422
TEST_0776,0.5381083833307889
TEST_0777,0.5138143958169369
TEST_0778,0.5182519831026038
TEST_0779,0.5488043196212744
TEST_0780,0.5751322590244223
TEST_0781,0.527606344152681
TEST_0782,0.511905394872515
TEST_0783,0.5241911514808307
TEST_0784,0.5324585940835355
TEST_0785,0.526799666047274
TEST_0786,0.5350971524212419
TEST_0787,0.5371723288901857
TEST_0788,0.5295315560932891
TEST_0789,0.5332536125449904
TEST_0790,0.5541290310670586
TEST_0791,0.5704398520701507
TEST_0792,0.5557650242945629
TEST_0793,0.516893579669167
TEST_0794,0.5344385583791535
TEST_0795,0.5248244449493376
TEST_0796,0.5069753336755904
TEST_0797,0.5501664700753403
TEST_0798,0.5225094835720212
TEST_0799,0.506431817307092
TEST_0800,0.5524044255850976
TEST_0801,0.533127789545999
TEST_0802,0.5004931325900999
TEST_0803,0.5397285508226788
TEST_0804,0.5387016953705754
TEST_0805,0.5407387385928355
TEST_0806,0.5446892472515747
TEST_0807,0.5188524054779696
TEST_0808,0.5457980064648515
TEST_0809,0.5270043173436233
TEST_0810,0.547279890593401
TEST_0811,0.5340511501972811
TEST_0812,0.5427382400714813
TEST_0813,0.525903625858398
TEST_0814,0.531196926394577
TEST_0815,0.5228209455780296
TEST_0816,0.5383458329393269
TEST_0817,0.5116098116939297
TEST_0818,0.5439244712640009
TEST_0819,0.5346065441582702
TEST_0820,0.5275884384777487
TEST_0821,0.5550005326653642
TEST_0822,0.5483051982039162
TEST_0823,0.5183449284118792
TEST_0824,0.5184307954511757
TEST_0825,0.5330423162511806
TEST_0826,0.5205542792970916
TEST_0827,0.5371657786714042
TEST_0828,0.551595131157058
TEST_0829,0.5071916649529977
TEST_0830,0.5451245992008029
TEST_0831,0.5622597566182035
TEST_0832,0.527419920472403
TEST_0833,0.5350599930387604
TEST_0834,0.5224777056849589
TEST_0835,0.5505547401520366
TEST_0836,0.5486496355578762
TEST_0837,0.5497408410465625
TEST_0838,0.5665512365675364
TEST_0839,0.5335890505364852
TEST_0840,0.539808552589653
TEST_0841,0.5492333507856073
TEST_0842,0.5343109497384954
TEST_0843,0.5445365977012443
TEST_0844,0.49541423026282183
TEST_0845,0.5439102199631372
TEST_0846,0.5217159673842384
TEST_0847,0.579491646084444
TEST_0848,0.5441650620789477
TEST_0849,0.5606708519449962
TEST_0850,0.5268526839749256
TEST_0851,0.5286824006848435
TEST_0852,0.5541272810985118
TEST_0853,0.5392583544778352
TEST_0854,0.5280939700145686
TEST_0855,0.5531842029677381
TEST_0856,0.5370972356570234
TEST_0857,0.5347346071172603
TEST_0858,0.5124036061559135
TEST_0859,0.5410627292721124
TEST_0860,0.5267306817535023
TEST_0861,0.5386173399885137
TEST_0862,0.5107849086866992
TEST_0863,0.5322953880811038
TEST_0864,0.5440789444659031
TEST_0865,0.5448625061202903
TEST_0866,0.5774820912923686
TEST_0867,0.5563076452716681
TEST_0868,0.5220495494300152
TEST_0869,0.503499716898857
TEST_0870,0.5095538759887367
TEST_0871,0.5549212788402305
TEST_0872,0.5342767319402604
TEST_0873,0.5522178654305289
TEST_0874,0.5478217726245042
TEST_0875,0.5549411378739961
TEST_0876,0.5501617087878702
TEST_0877,0.5429107718192012
TEST_0878,0.538408052180847
TEST_0879,0.517849027028168
TEST_0880,0.5522541291335198
TEST_0881,0.5528074988796076
TEST_0882,0.5297375254070885
TEST_0883,0.5484645489124114
TEST_0884,0.5518990018673346
TEST_0885,0.531690455059615
TEST_0886,0.5150830960722815
TEST_0887,0.5348298638268958
TEST_0888,0.5414282520033273
TEST_0889,0.5536853539135055
TEST_0890,0.5301028307467631
TEST_0891,0.5255011948608168
TEST_0892,0.5265611577155337
TEST_0893,0.55754990994037
TEST_0894,0.5286966554644685
TEST_0895,0.5290004597909737
TEST_0896,0.527311424444818
TEST_0897,0.5508700790132468
TEST_0898,0.5469671585740212
TEST_0899,0.5418676115765257
TEST_0900,0.5546133816060519
TEST_0901,0.5469185665027622
TEST_0902,0.5406622943899856
TEST_0903,0.519998640918835
TEST_0904,0.5446709926725629
TEST_0905,0.5314354334402559
TEST_0906,0.5481950131832655
TEST_0907,0.5507867152561862
TEST_0908,0.5386508372567047
TEST_0909,0.5361527762358531
TEST_0910,0.5463900899996994
TEST_0911,0.5713721575734021
TEST_0912,0.5542429342234998
TEST_0913,0.5562014597814016
TEST_0914,0.5272738179488181
TEST_0915,0.5386835073421331
TEST_0916,0.5557848880596307
TEST_0917,0.5059256317237325
TEST_0918,0.5367039139351126
TEST_0919,0.5435373159469193
TEST_0920,0.5359128151603095
TEST_0921,0.522539717972758
TEST_0922,0.539737339771279
TEST_0923,0.5176403523973607
TEST_0924,0.54402159958894
TEST_0925,0.538619466581535
TEST_0926,0.5623146048314335
TEST_0927,0.535342490584555
TEST_0928,0.5413165395630584
TEST_0929,0.5412307856439004
TEST_0930,0.5239573784473474
TEST_0931,0.5491173895471374
TEST_0932,0.5447861034261495
TEST_0933,0.5496774788477627
TEST_0934,0.5602044825232885
TEST_0935,0.5275786085065468
TEST_0936,0.536359964672479
TEST_0937,0.5397202673595197
TEST_0938,0.5492907141289136
TEST_0939,0.5044038393753878
TEST_0940,0.5251578874749095
TEST_0941,0.5463636285646761
TEST_0942,0.5534670287348396
TEST_0943,0.5463761643053711
TEST_0944,0.5279767235539162
TEST_0945,0.5543535022694004
TEST_0946,0.5403793695802143
TEST_0947,0.5372198074314387
TEST_0948,0.5116650340341669
TEST_0949,0.535464888675743
TEST_0950,0.5358671274775129
TEST_0951,0.5144763382375092
TEST_0952,0.5351448515988303
TEST_0953,0.5492128619576199
TEST_0954,0.5206179920828455
TEST_0955,0.5318482082087809
TEST_0956,0.5196991066015659
TEST_0957,0.5630270408900534
TEST_0958,0.5484141815380345
TEST_0959,0.5410271632437178
TEST_0960,0.5242410784635407
TEST_0961,0.5393082257939659
TEST_0962,0.5177925641394323
TEST_0963,0.517154435625829
TEST_0964,0.5368770220844173
TEST_0965,0.5439073578736386
TEST_0966,0.548063241139144
TEST_0967,0.565507954879599
TEST_0968,0.5317444940775338
TEST_0969,0.5482420844160429
TEST_0970,0.5587011309366685
TEST_0971,0.5419892791664298
TEST_0972,0.5275101018865134
TEST_0973,0.5643385756676027
TEST_0974,0.5539034355254535
TEST_0975,0.5603024133392329
TEST_0976,0.5110788597945216
TEST_0977,0.5510519651094707
TEST_0978,0.5248976716472974
TEST_0979,0.5374744152072426
TEST_0980,0.5544921328747574
TEST_0981,0.5361343531199331
TEST_0982,0.5448460170283126
TEST_0983,0.5644958831434059
TEST_0984,0.5365012246463887
TEST_0985,0.5269315513780634
TEST_0986,0.5157500173180023
TEST_0987,0.5418064387029883
TEST_0988,0.5145749372260581
TEST_0989,0.5419629684283045
TEST_0990,0.5526608367299871
TEST_0991,0.5227184441203719
TEST_0992,0.5484498385542381
TEST_0993,0.5180708540189807
TEST_0994,0.499845349241535
TEST_0995,0.5386378097755153
TEST_0996,0.5204434101486327
TEST_0997,0.5129009927633881
TEST_0998,0.5384514550728023
TEST_0999,0.5292851488434881
TEST_1000,0.5506264776814299
TEST_1001,0.5253075220186059
TEST_1002,0.5342986660120526
TEST_1003,0.5212915205762514
TEST_1004,0.529278248546004
TEST_1005,0.5546228605351997
TEST_1006,0.5075112506742352
TEST_1007,0.5065025003309744
TEST_1008,0.5393059043721566
TEST_1009,0.5443017265024072
TEST_1010,0.528010994070121
TEST_1011,0.5425598265876681
TEST_1012,0.5418870659427177
TEST_1013,0.5544690015844778
TEST_1014,0.5053494685755213
TEST_1015,0.5259505652608187
TEST_1016,0.5424573131819248
TEST_1017,0.5403823136671645
TEST_1018,0.5322641798196461
TEST_1019,0.5177804422347213
TEST_1020,0.5396921678288221
TEST_1021,0.5279347933711307
TEST_1022,0.5464207527912436
TEST_1023,0.5208760508320295
TEST_1024,0.5514878089907482
TEST_1025,0.5575701570215066
TEST_1026,0.5310482220673225
TEST_1027,0.5027577812216244
TEST_1028,0.5395049696162046
TEST_1029,0.5466551605766117
TEST_1030,0.5362961583738006
TEST_1031,0.5793042732387037
TEST_1032,0.5302028622915054
TEST_1033,0.5199035140928248
TEST_1034,0.5709895005615782
TEST_1035,0.5279420204904801
TEST_1036,0.4971460381963888
TEST_1037,0.5195832554639623
TEST_1038,0.5242225801844939
TEST_1039,0.5309726579038245
TEST_1040,0.5382878467436762
TEST_1041,0.5130662901852434
TEST_1042,0.5484744958487857
TEST_1043,0.5404146164625976
TEST_1044,0.5331421059205621
TEST_1045,0.5450753211606854
TEST_1046,0.5468155371842272
TEST_1047,0.5262662131336378
TEST_1048,0.5378869721364873
TEST_1049,0.561963736053985
TEST_1050,0.5294252303011429
TEST_1051,0.5179267521883882
TEST_1052,0.5303306225790169
TEST_1053,0.5293898921777467
TEST_1054,0.5278347769217209
TEST_1055,0.5424654481817606
TEST_1056,0.5204458350146978
TEST_1057,0.5429809320346721
TEST_1058,0.5468253830734495
TEST_1059,0.53876768506458
TEST_1060,0.527201470279621
TEST_1061,0.5397698879063375
TEST_1062,0.5397390117737262
TEST_1063,0.5635381691688233
TEST_1064,0.5257044788818491
TEST_1065,0.5400729785523306
TEST_1066,0.5506052131833576
TEST_1067,0.5534258811116596
TEST_1068,0.5127329619960291
TEST_1069,0.5358553474361415
TEST_1070,0.5426885183636635
TEST_1071,0.5472985183249197
TEST_1072,0.5186606956201403
TEST_1073,0.5626445844662121
TEST_1074,0.5409650096774543
TEST_1075,0.5654080030309903
TEST_1076,0.5151806940483132
TEST_1077,0.5490939494759174
TEST_1078,0.5141444016788341
TEST_1079,0.5315107318925203
TEST_1080,0.5274936673630902
TEST_1081,0.5573331147988008
TEST_1082,0.5438778439812111
TEST_1083,0.5326301179447811
TEST_1084,0.5377916530732693
TEST_1085,0.5416194327421766
TEST_1086,0.5505848318692395
TEST_1087,0.5352242762094548
TEST_1088,0.5371555930282494
TEST_1089,0.5428728873089541
TEST_1090,0.5456438530179641
TEST_1091,0.5281264834075696
TEST_1092,0.5246426950527734
TEST_1093,0.5312670730063642
TEST_1094,0.5120330842269445
TEST_1095,0.5462130280499875
TEST_1096,0.5443771049191777
TEST_1097,0.5432905210273259
TEST_1098,0.5456512753873297
TEST_1099,0.5343571845767314
TEST_1100,0.5047753823538815
TEST_1101,0.5418097287113879
TEST_1102,0.5385139115873606
TEST_1103,0.5274075242200714
TEST_1104,0.5400987466854396
TEST_1105,0.5415016144919398
TEST_1106,0.5201659090095305
TEST_1107,0.5511899121781543
TEST_1108,0.541913134841793
TEST_1109,0.538303092552205
TEST_1110,0.539307013154075
TEST_1111,0.5526097130904805
TEST_1112,0.5430691861993884
TEST_1113,0.5116897694474349
TEST_1114,0.5139580026873632
TEST_1115,0.529882266776506
TEST_1116,0.5297108742069361
TEST_1117,0.55861195478547
TEST_1118,0.5272037359945712
TEST_1119,0.5381328402834192
TEST_1120,0.5370403289583557
TEST_1121,0.5535561966425333
TEST_1122,0.5243374396076836
TEST_1123,0.534092288131893
TEST_1124,0.5531721719815026
TEST_1125,0.53887565187173
TEST_1126,0.5362443674741804
TEST_1127,0.5252015335492349
TEST_1128,0.549586164750016
TEST_1129,0.5410131484208943
TEST_1130,0.5375815232533165
TEST_1131,0.5306332978772779
TEST_1132,0.5451458381889804
TEST_1133,0.5203086085836046
TEST_1134,0.5111594411765276
TEST_1135,0.5590655027604474
TEST_1136,0.555231381088567
TEST_1137,0.550981269758994
TEST_1138,0.5083571643992555
TEST_1139,0.5402668262657108
TEST_1140,0.5519751626816701
TEST_1141,0.543697827514974
TEST_1142,0.5368068181667447
TEST_1143,0.5436710715267188
TEST_1144,0.5551387112816565
TEST_1145,0.5572344560051261
TEST_1146,0.5291720965130211
TEST_1147,0.5497237732399702
TEST_1148,0.5354184339032638
TEST_1149,0.5551649085369571
TEST_1150,0.5373641402481896
TEST_1151,0.526630740783178
TEST_1152,0.5370266710290563
TEST_1153,0.5162237222929307
TEST_1154,0.5466017938858961
TEST_1155,0.5387566669146531
TEST_1156,0.5409446495802723
TEST_1157,0.535111284336755
TEST_1158,0.5246116916394532
TEST_1159,0.5644388931128251
TEST_1160,0.5208828833859902
TEST_1161,0.5365614639641847
TEST_1162,0.5193750757632075
TEST_1163,0.5551131296241166
TEST_1164,0.5265776245756324
TEST_1165,0.5480424486591671
TEST_1166,0.541704642307396
TEST_1167,0.5618263873279613
TEST_1168,0.514162232057771
TEST_1169,0.5271869347285227
TEST_1170,0.5134794103348714
TEST_1171,0.5354822538615152
TEST_1172,0.554200993810222
TEST_1173,0.5416058698589761
TEST_1174,0.5441406509724391
TEST_1175,0.497714206575846
TEST_1176,0.5266070492664192
TEST_1177,0.5565598878557587
TEST_1178,0.5436637715099913
TEST_1179,0.5069988419372907
TEST_1180,0.5166561707382076
TEST_1181,0.5156599608469231
TEST_1182,0.5449189229252964
TEST_1183,0.5432918518119302
TEST_1184,0.5359231813343267
TEST_1185,0.5328702515772288
TEST_1186,0.5424200803128343
TEST_1187,0.515194930392181
TEST_1188,0.5515552200781431
TEST_1189,0.5333926578320236
TEST_1190,0.5274790485427063
TEST_1191,0.5274121976070968
TEST_1192,0.5361431571715629
TEST_1193,0.5458235042236648
TEST_1194,0.5427390864075008
TEST_1195,0.5284235158236452
TEST_1196,0.5441124312869448
TEST_1197,0.5553146590509173
TEST_1198,0.5167756009881955
TEST_1199,0.5257341107665181
TEST_1200,0.533415171633061
TEST_1201,0.5323533734278907
TEST_1202,0.5525595205103686
TEST_1203,0.5401509687923715
TEST_1204,0.5473221327920416
TEST_1205,0.5189962605893416
TEST_1206,0.543424757079635
TEST_1207,0.5473265814856089
TEST_1208,0.568436603639751
TEST_1209,0.5385936577004677
TEST_1210,0.5478741255613677
TEST_1211,0.5443348879031482
TEST_1212,0.5309064371639869
TEST_1213,0.5198252817298774
TEST_1214,0.525587019494605
TEST_1215,0.5442231170613783
TEST_1216,0.5262056756458837
TEST_1217,0.5428825044615708
TEST_1218,0.536284322788401
TEST_1219,0.5337129878514427
TEST_1220,0.5305316703275551
TEST_1221,0.532613067551592
TEST_1222,0.5428460700447586
TEST_1223,0.537474359322671
TEST_1224,0.5279243347819915
TEST_1225,0.5268737202047281
TEST_1226,0.5586419534740094
TEST_1227,0.5345229386106911
TEST_1228,0.5460023395528272
TEST_1229,0.5700036345263207
TEST_1230,0.5094434153450269
TEST_1231,0.5482841213997559
TEST_1232,0.5521711499408722
TEST_1233,0.5479408219693412
TEST_1234,0.5199362775418712
TEST_1235,0.5268175104473294
TEST_1236,0.5435764831282099
TEST_1237,0.4956566547822319
TEST_1238,0.511580518806437
TEST_1239,0.507535075419475
TEST_1240,0.5269364832518855
TEST_1241,0.5023770970088215
TEST_1242,0.5156717827892279
TEST_1243,0.5318371723010866
TEST_1244,0.5352396569275376
TEST_1245,0.5499082099002279
TEST_1246,0.539776653113672
TEST_1247,0.5307472889882235
TEST_1248,0.5176702761502467
TEST_1249,0.5347891469971804
TEST_1250,0.5675931231803484
TEST_1251,0.5376153027296977
TEST_1252,0.5209760332130028
TEST_1253,0.5173668819482898
TEST_1254,0.549564761949341
TEST_1255,0.5468252979642089
TEST_1256,0.5053105707720834
TEST_1257,0.5597958217648795
TEST_1258,0.5287408529537684
TEST_1259,0.536412491387206
TEST_1260,0.5072383960519689
TEST_1261,0.548570155883016
TEST_1262,0.5539800741881832
TEST_1263,0.5592777319855641
TEST_1264,0.5338085060948731
TEST_1265,0.523432195538256
TEST_1266,0.5464138845555009
TEST_1267,0.5187563995478158
TEST_1268,0.5217755257366025
TEST_1269,0.5413418926171235
TEST_1270,0.5414425567964863
TEST_1271,0.5326972609359779
TEST_1272,0.5406270462365987
TEST_1273,0.523311615925362
TEST_1274,0.5362682687325167
TEST_1275,0.5621621877492551
TEST_1276,0.5477836211927165
TEST_1277,0.5172806848984
TEST_1278,0.5143712344375508
TEST_1279,0.5414265348890936
TEST_1280,0.56149723055882
TEST_1281,0.5477820112630244
TEST_1282,0.5176859236645832
TEST_1283,0.5505488532100915
TEST_1284,0.5405266455270791
TEST_1285,0.541634270592752
TEST_1286,0.545441816372589
TEST_1287,0.5303618227637943
TEST_1288,0.5147776558864823
TEST_1289,0.5050439780332292
TEST_1290,0.5210996037211805
TEST_1291,0.5079049449351648
TEST_1292,0.545604879286264
TEST_1293,0.5733339416555358
TEST_1294,0.5349044507266508
TEST_1295,0.5474262613171201
TEST_1296,0.5279808443453301
TEST_1297,0.528735929878626
TEST_1298,0.559029913144144
TEST_1299,0.5019010669815918
TEST_1300,0.5021066565410025
TEST_1301,0.5425174190558839
TEST_1302,0.5269934628083615
TEST_1303,0.5255444313771315
TEST_1304,0.5327816399348239
TEST_1305,0.5375902867728458
TEST_1306,0.5478432401318188
TEST_1307,0.5365315654058217
TEST_1308,0.5750734073037111
TEST_1309,0.5323291176638331
TEST_1310,0.5438250548828815
TEST_1311,0.5174278220132281
TEST_1312,0.5366536374918489
TEST_1313,0.514937802159011
TEST_1314,0.541660962061731
TEST_1315,0.531570972930269
TEST_1316,0.5349868611979601
TEST_1317,0.5328766100298454
TEST_1318,0.5591370651638649
TEST_1319,0.5051003551845772
TEST_1320,0.5096569450619086
TEST_1321,0.548714988068556
TEST_1322,0.5391609758993607
TEST_1323,0.5130812086503491
TEST_1324,0.5339323703006879
TEST_1325,0.5371888709252999
TEST_1326,0.5311447107790315
TEST_1327,0.5424374173023322
TEST_1328,0.5490872695691638
TEST_1329,0.5140569385184321
TEST_1330,0.5500411001755678
TEST_1331,0.531262447690294
TEST_1332,0.5347008578004047
TEST_1333,0.5397121169809136
TEST_1334,0.5337211691810757
TEST_1335,0.48730737818567244
TEST_1336,0.5542917544860009
TEST_1337,0.5269848167103321
TEST_1338,0.5031845753468422
TEST_1339,0.5350721186044021
TEST_1340,0.4902841046108928
TEST_1341,0.5311437107228099
TEST_1342,0.5433715205149026
TEST_1343,0.5157415693198781
TEST_1344,0.532789816907025
TEST_1345,0.5198228437263579
TEST_1346,0.561313778501064
TEST_1347,0.5688333128064587
TEST_1348,0.5290322239000071
TEST_1349,0.5666677290998173
TEST_1350,0.5463859278802751
TEST_1351,0.5340986806139613
TEST_1352,0.5486159812609878
TEST_1353,0.5479637323584337
TEST_1354,0.5445317002732365
TEST_1355,0.5612700462799263
TEST_1356,0.5205856138008241
TEST_1357,0.5399390913310883
TEST_1358,0.5397227035045477
TEST_1359,0.5551741231118208
TEST_1360,0.5278933974223202
TEST_1361,0.5386343953252032
TEST_1362,0.5258270627972285
TEST_1363,0.5337370422399642
TEST_1364,0.5451567582856298
TEST_1365,0.5441999862201888
TEST_1366,0.5251086294449685
TEST_1367,0.5683399539792205
TEST_1368,0.5232109501870613
TEST_1369,0.5343955804576475
TEST_1370,0.5407582802788772
TEST_1371,0.5471919560975903
TEST_1372,0.5308178253070435
TEST_1373,0.545086103275747
TEST_1374,0.49100297844617846
TEST_1375,0.5549939323511357
TEST_1376,0.5055683102735139
TEST_1377,0.520053582430982
TEST_1378,0.5429164359825137
TEST_1379,0.524568543871639
TEST_1380,0.5221462707266162
TEST_1381,0.5386535430008135
TEST_1382,0.5287259593367418
TEST_1383,0.5412003282419313
TEST_1384,0.5006735997386794
TEST_1385,0.5431603225767272
TEST_1386,0.5454547416524483
TEST_1387,0.527464815403861
TEST_1388,0.5374494787678801
TEST_1389,0.57506847664382
TEST_1390,0.5362817828848456
TEST_1391,0.5412780161066566
TEST_1392,0.5497668114531947
TEST_1393,0.5197000331965858
TEST_1394,0.53166361450939
TEST_1395,0.5573895714381975
TEST_1396,0.5224115941952896
TEST_1397,0.53009467052037
TEST_1398,0.5422637728614462
TEST_1399,0.5376638130046152
TEST_1400,0.5282553339413076
TEST_1401,0.5392274254560242
TEST_1402,0.5378039529918557
TEST_1403,0.5221508658389822
TEST_1404,0.5536822036638311
TEST_1405,0.5726997562231052
TEST_1406,0.508148949257218
TEST_1407,0.5457711934698033
TEST_1408,0.5162620500399682
TEST_1409,0.5653237620821192
TEST_1410,0.5501123115673991
TEST_1411,0.5499755328261009
TEST_1412,0.5477022983985183
TEST_1413,0.5540213644624754
TEST_1414,0.5408308249586106
TEST_1415,0.5228656026200111
TEST_1416,0.5495748076656505
TEST_1417,0.5328279831549596
TEST_1418,0.5123932972931257
TEST_1419,0.5103468122568884
TEST_1420,0.5499952008604826
TEST_1421,0.542200724321569
TEST_1422,0.5126453038081877
TEST_1423,0.5511942344010923
TEST_1424,0.5156862294799757
TEST_1425,0.5589583310682201
TEST_1426,0.5258168849136475
TEST_1427,0.5471156198962178
TEST_1428,0.5322422734777689
TEST_1429,0.5341502510158861
TEST_1430,0.5186090518375236
TEST_1431,0.5518006492132672
TEST_1432,0.5534793919316111
TEST_1433,0.5376422374101416
TEST_1434,0.5176484105735297
TEST_1435,0.5033019185408649
TEST_1436,0.5262274084653689
TEST_1437,0.5445197817892283
TEST_1438,0.5360401860436722
TEST_1439,0.5279970693487144
TEST_1440,0.5639776983170953
TEST_1441,0.5699080689646474
TEST_1442,0.5245789206852473
TEST_1443,0.5406535502138622
TEST_1444,0.5313085373535307
TEST_1445,0.5220490498734306
TEST_1446,0.5294839151551218
TEST_1447,0.532956141850428
TEST_1448,0.5300556660445259
TEST_1449,0.5534345350840297
TEST_1450,0.5498563518282426
TEST_1451,0.528555589343085
TEST_1452,0.5409927650410047
TEST_1453,0.5360735787024302
TEST_1454,0.5154845004117172
TEST_1455,0.5228495671874762
TEST_1456,0.5736399974104325
TEST_1457,0.526386393059729
TEST_1458,0.5309874068520518
TEST_1459,0.541010214543546
TEST_1460,0.5520485322563398
TEST_1461,0.5408817448560352
TEST_1462,0.5365762071338972
TEST_1463,0.5118943715278217
TEST_1464,0.5632727875557486
TEST_1465,0.5471590712158672
TEST_1466,0.5401115525194865
TEST_1467,0.5430676420133189
TEST_1468,0.5635857489997077
TEST_1469,0.5223993367968416
TEST_1470,0.5526564826575475
TEST_1471,0.5168577681736197
TEST_1472,0.506349120003943
TEST_1473,0.5176816090686627
TEST_1474,0.541704449079609
TEST_1475,0.545046703233587
TEST_1476,0.5450327984739589
TEST_1477,0.5306562808306879
TEST_1478,0.500060991772148
TEST_1479,0.5135658316880802
TEST_1480,0.5240461202211745
TEST_1481,0.5240469834470654
TEST_1482,0.5400657965067659
TEST_1483,0.5308263677567546
TEST_1484,0.5713972831713794
TEST_1485,0.5328513812264853
TEST_1486,0.535547085534437
TEST_1487,0.5190572027312228
TEST_1488,0.5304288144115633
TEST_1489,0.519596268963122
TEST_1490,0.5293601915507085
TEST_1491,0.5308331716984406
TEST_1492,0.5231031145091429
TEST_1493,0.541910748340018
TEST_1494,0.576202038963697
TEST_1495,0.5348774183220109
TEST_1496,0.5420168849924089
TEST_1497,0.5317389360957383
TEST_1498,0.5319019233562264
TEST_1499,0.5225188134880656
TEST_1500,0.526571194241701
TEST_1501,0.5538249088376022
TEST_1502,0.5115015366652201
TEST_1503,0.5106761968419341
TEST_1504,0.5526985308585153
TEST_1505,0.5312969749495464
TEST_1506,0.5345267341949475
TEST_1507,0.5443547560978738
TEST_1508,0.517971329810433
TEST_1509,0.5240042449308746
TEST_1510,0.5314027064900279
TEST_1511,0.5453285636406857
TEST_1512,0.5589246921142829
TEST_1513,0.5487678573445147
TEST_1514,0.5115880242617222
TEST_1515,0.5170999980689257
TEST_1516,0.5383818975479197
TEST_1517,0.5292452142049151
TEST_1518,0.5700657880899842
TEST_1519,0.5290562571189842
TEST_1520,0.5673601445411731
TEST_1521,0.5300544578319188
TEST_1522,0.5526193372502451
TEST_1523,0.5514967573827182
TEST_1524,0.5361090969112597
TEST_1525,0.5449888914539036
TEST_1526,0.5341477458822521
TEST_1527,0.5501056831470111
TEST_1528,0.5398671160013427
TEST_1529,0.5408052642256651
TEST_1530,0.5440069283630288
TEST_1531,0.5586665565480035
TEST_1532,0.5453938910398154
TEST_1533,0.5257337400446411
TEST_1534,0.5722115422165326
TEST_1535,0.5626011303599904
TEST_1536,0.5389012392187308
TEST_1537,0.5260277823991248
TEST_1538,0.5547263872827392
TEST_1539,0.5233498851197439
TEST_1540,0.5496897223131237
TEST_1541,0.546856693072667
TEST_1542,0.5486587806247198
TEST_1543,0.5385270238410139
TEST_1544,0.5780593940735631
TEST_1545,0.5434292528620562
TEST_1546,0.5269214372828618
TEST_1547,0.5362664357881265
TEST_1548,0.5204243347890452
TEST_1549,0.5336330193083639
TEST_1550,0.557171792488333
TEST_1551,0.5438338943950071
TEST_1552,0.5218121012262253
TEST_1553,0.5286291199903403
TEST_1554,0.5344324760200525
TEST_1555,0.5521924720419102
TEST_1556,0.5320769403698618
TEST_1557,0.5455920699006701
TEST_1558,0.5174550617230018
TEST_1559,0.517660265193643
TEST_1560,0.5324365713411932
TEST_1561,0.5530748664596475
TEST_1562,0.49947204369001846
TEST_1563,0.5439501188740371
TEST_1564,0.5134509799949061
TEST_1565,0.5602757839536311
TEST_1566,0.5487437560620851
TEST_1567,0.529246648471443
TEST_1568,0.5228187385701851
TEST_1569,0.5420551531490561
TEST_1570,0.5358057098860496
TEST_1571,0.5438672178539988
TEST_1572,0.5066787507978749
TEST_1573,0.5296310987034527
TEST_1574,0.5325465255286087
TEST_1575,0.5498209419530807
TEST_1576,0.5312385287309701
TEST_1577,0.5522116905697501
TEST_1578,0.5069731207791285
TEST_1579,0.5409713057152266
TEST_1580,0.5446803601154968
TEST_1581,0.5363938356471932
TEST_1582,0.5426583795569739
TEST_1583,0.5566100667192762
TEST_1584,0.5246733222486616
TEST_1585,0.5534618577679509
TEST_1586,0.532289311022563
TEST_1587,0.5234873954182453
TEST_1588,0.5586275594179201
TEST_1589,0.511187523490303
TEST_1590,0.5267762640500122
TEST_1591,0.5256599326125316
TEST_1592,0.574790820945394
TEST_1593,0.5413615936699684
TEST_1594,0.5389909391822175
TEST_1595,0.5110707698924255
TEST_1596,0.5282768207068022
TEST_1597,0.5394193625030416
TEST_1598,0.5648138027565774
TEST_1599,0.525970129538877
TEST_1600,0.5273803480087564
TEST_1601,0.5359125128122536
TEST_1602,0.5266361456264842
TEST_1603,0.5126228332592663
TEST_1604,0.5063898584452576
TEST_1605,0.5370256490422535
TEST_1606,0.5510953364569271
TEST_1607,0.5106441472249986
TEST_1608,0.5317135797211062
TEST_1609,0.5526167926000932
TEST_1610,0.5194853763422438
TEST_1611,0.5261973619658457
TEST_1612,0.5382755639007738
TEST_1613,0.536777509823172
TEST_1614,0.5457071439434198
TEST_1615,0.5535425524084647
TEST_1616,0.5521883054094054
TEST_1617,0.5242996344859501
TEST_1618,0.5283682168852726
TEST_1619,0.5427796683403109
TEST_1620,0.5229284079392188
TEST_1621,0.5294307614162745
TEST_1622,0.522484663573833
TEST_1623,0.5070400531955586
TEST_1624,0.541983842001534
TEST_1625,0.563432662263923
TEST_1626,0.5296128089191261
TEST_1627,0.5291546188992035
TEST_1628,0.5427089412720827
TEST_1629,0.5238252781623037
TEST_1630,0.5355738427716352
TEST_1631,0.5376985101592029
TEST_1632,0.5548164153491719
TEST_1633,0.5677268970278745
TEST_1634,0.539002837523459
TEST_1635,0.5352581298106506
TEST_1636,0.5365532285712327
TEST_1637,0.5518342246129004
TEST_1638,0.5574216293657297
TEST_1639,0.5174036505539223
TEST_1640,0.5574578015973835
TEST_1641,0.5406238455878581
TEST_1642,0.510147776083936
TEST_1643,0.5244031854798344
TEST_1644,0.5257553657045522
TEST_1645,0.5516416436303413
TEST_1646,0.5569891257650726
TEST_1647,0.5307812038459796
TEST_1648,0.5403619680648067
TEST_1649,0.5121187201073272
TEST_1650,0.5665226951397588
TEST_1651,0.5299668275104038
TEST_1652,0.5293433284083855
TEST_1653,0.5254864659399793
TEST_1654,0.5237661894946731
TEST_1655,0.5050274233551335
TEST_1656,0.5420072332478704
TEST_1657,0.5495200318626062
TEST_1658,0.5771918378042658
TEST_1659,0.5209679107524834
TEST_1660,0.535705239433437
TEST_1661,0.5255119397884057
TEST_1662,0.535043113485705
TEST_1663,0.553560266060884
TEST_1664,0.5624736043032141
TEST_1665,0.5182908018253317
TEST_1666,0.5663564381342656
TEST_1667,0.5354330052546851
TEST_1668,0.5490637364052032
TEST_1669,0.5574416536119434
TEST_1670,0.5417870515815137
TEST_1671,0.5254525543817161
TEST_1672,0.5112084086063714
TEST_1673,0.5427765680793788
TEST_1674,0.590414927382684
TEST_1675,0.5543401730375002
TEST_1676,0.5446540959241644
TEST_1677,0.5338209315622724
TEST_1678,0.5220736738533732
TEST_1679,0.5259877641852452
TEST_1680,0.5436110598787626
TEST_1681,0.5239727371071434
TEST_1682,0.5486538148125261
TEST_1683,0.5670137571206849
TEST_1684,0.5267704173543585
TEST_1685,0.5409417364008712
TEST_1686,0.5406493846728808
TEST_1687,0.5242520412766416
TEST_1688,0.5261744149505153
TEST_1689,0.5266936988620045
TEST_1690,0.5444111119658496
TEST_1691,0.5003025772030223
TEST_1692,0.5372440775770013
TEST_1693,0.544674376808864
TEST_1694,0.5643419616339229
TEST_1695,0.5494389083570069
TEST_1696,0.5183166344073838
TEST_1697,0.5282152617166865
TEST_1698,0.5103385868287494
TEST_1699,0.5267894767889754
TEST_1700,0.5337896915325776
TEST_1701,0.5632129785474003
TEST_1702,0.5323827890398787
TEST_1703,0.4990500112114174
TEST_1704,0.521385211120301
TEST_1705,0.549736047382191
TEST_1706,0.5215633090402255
TEST_1707,0.5273775518463177
TEST_1708,0.5547250591902728
TEST_1709,0.5392785188538671
TEST_1710,0.519591816628377
TEST_1711,0.5507723419630507
TEST_1712,0.5417420912082296
TEST_1713,0.5151830507080641
TEST_1714,0.5187459546820177
TEST_1715,0.5358117036575017
TEST_1716,0.5595635761761975
TEST_1717,0.5390520181286244
TEST_1718,0.5160119308978497
TEST_1719,0.5590016019971784
TEST_1720,0.5362945602421261
TEST_1721,0.514274627679391
TEST_1722,0.5617010008556571
TEST_1723,0.5443596538461408
TEST_1724,0.5374152356132142
TEST_1725,0.5609988630877948
TEST_1726,0.5461338151010321
TEST_1727,0.5202900534225746
TEST_1728,0.558737556573605
TEST_1729,0.5329003202027527
TEST_1730,0.5306399276754993
TEST_1731,0.5411211107653345
TEST_1732,0.5510129002847429
TEST_1733,0.5638038468243579
TEST_1734,0.5061219959114699
TEST_1735,0.5082581865772573
TEST_1736,0.5586453044825089
TEST_1737,0.5464552501771273
TEST_1738,0.525058728807359
TEST_1739,0.548899366819495
TEST_1740,0.5408286389025613
TEST_1741,0.5285448804915044
TEST_1742,0.5250309186467725
TEST_1743,0.5378804743093614
TEST_1744,0.5362513487015427
TEST_1745,0.535235401477551
TEST_1746,0.5172542168853235
TEST_1747,0.5519277478364865
TEST_1748,0.5095671881976456
TEST_1749,0.5596842893936235
TEST_1750,0.5515697318476219
TEST_1751,0.5441122900550341
TEST_1752,0.5299961786940666
TEST_1753,0.5599674493232472
TEST_1754,0.5299194366647358
